-- ==========================
-- FreshFeast Boxes Seed Data
-- Table 1: CUSTOMERS
-- ==========================

INSERT INTO Customers (customer_id, name, email, signup_date, age, location, loyalty_tier) VALUES
(1, 'Alex Smith', 'alex.smith@email.com', '2024-01-10', 28, 'Boise', 'Silver'),
(2, 'Jamie Lee', 'jamie.lee@email.com', '2024-01-15', 34, 'Boise', 'Gold'),
(3, 'Taylor Kim', 'taylor.kim@email.com', '2024-02-01', 41, 'Meridian', 'Bronze'),
(4, 'Morgan Diaz', 'morgan.diaz@email.com', '2024-02-11', 26, 'Nampa', 'Silver'),
(5, 'Jordan Cruz', 'jordan.cruz@email.com', '2024-02-20', 32, 'Boise', 'Gold'),
(6, 'Casey Brown', 'casey.brown@email.com', '2024-03-01', 38, 'Caldwell', 'Bronze'),
(7, 'Avery Clark', 'avery.clark@email.com', '2024-03-05', 30, 'Boise', 'Silver'),
(8, 'Riley Hall', 'riley.hall@email.com', '2024-03-10', 29, 'Meridian', 'Silver'),
(9, 'Parker Reed', 'parker.reed@email.com', '2024-03-18', 45, 'Nampa', 'Gold'),
(10, 'Quinn Evans', 'quinn.evans@email.com', '2024-03-25', 36, 'Boise', 'Bronze'),
(11, 'Michael Scott', 'michael.scott@dundermifflin.com', '2024-04-01', 45, 'Scranton', 'Gold'),
(12, 'Dwight Schrute', 'dwight.schrute@dundermifflin.com', '2024-04-02', 38, 'Scranton', 'Silver'),
(13, 'Jim Halpert', 'jim.halpert@dundermifflin.com', '2024-04-03', 35, 'Scranton', 'Silver'),
(14, 'Pam Beesly', 'pam.beesly@dundermifflin.com', '2024-04-04', 34, 'Scranton', 'Silver'),
(15, 'Angela Martin', 'angela.martin@dundermifflin.com', '2024-04-05', 40, 'Scranton', 'Bronze'),
(16, 'Jordan King', 'jordan.king@email.com', '2024-04-06', 29, 'Boise', 'Silver'),
(17, 'Taylor Brooks', 'taylor.brooks@email.com', '2024-04-07', 33, 'Meridian', 'Gold'),
(18, 'Morgan Young', 'morgan.young@email.com', '2024-04-08', 31, 'Nampa', 'Silver'),
(19, 'Casey Adams', 'casey.adams@email.com', '2024-04-09', 27, 'Boise', 'Bronze'),
(20, 'Alex Morgan', 'alex.morgan@email.com', '2024-04-10', 36, 'Caldwell', 'Silver'),
(21, 'Kevin Malone', 'kevin.malone@dundermifflin.com', '2024-05-01', 42, 'Scranton', 'Bronze'),
(22, 'Oscar Martinez', 'oscar.martinez@dundermifflin.com', '2024-05-02', 39, 'Scranton', 'Silver'),
(23, 'Stanley Hudson', 'stanley.hudson@dundermifflin.com', '2024-05-03', 55, 'Scranton', 'Gold'),
(24, 'Phyllis Vance', 'phyllis.vance@dundermifflin.com', '2024-05-04', 50, 'Scranton', 'Silver'),
(25, 'Creed Bratton', 'creed.bratton@dundermifflin.com', '2024-05-05', 58, 'Scranton', 'Bronze'),
(26, 'Ryan Howard', 'ryan.howard@dundermifflin.com', '2024-05-06', 28, 'Scranton', 'Silver'),
(27, 'Kelly Kapoor', 'kelly.kapoor@dundermifflin.com', '2024-05-07', 32, 'Scranton', 'Gold'),
(28, 'Toby Flenderson', 'toby.flenderson@dundermifflin.com', '2024-05-08', 45, 'Scranton', 'Silver'),
(29, 'Darryl Philbin', 'darryl.philbin@dundermifflin.com', '2024-05-09', 38, 'Scranton', 'Silver'),
(30, 'Jan Levinson', 'jan.levinson@dundermifflin.com', '2024-05-10', 42, 'Scranton', 'Gold'),
(31, 'Holly Flax', 'holly.flax@dundermifflin.com', '2024-06-01', 36, 'Scranton', 'Silver'),
(32, 'Andy Bernard', 'andy.bernard@dundermifflin.com', '2024-06-02', 33, 'Scranton', 'Gold'),
(33, 'Erin Hannon', 'erin.hannon@dundermifflin.com', '2024-06-03', 27, 'Scranton', 'Silver'),
(34, 'Roy Anderson', 'roy.anderson@dundermifflin.com', '2024-06-04', 40, 'Scranton', 'Bronze'),
(35, 'Gabe Lewis', 'gabe.lewis@dundermifflin.com', '2024-06-05', 31, 'Scranton', 'Silver'),
(36, 'Alex Johnson', 'alex.johnson@email.com', '2024-06-06', 29, 'Boise', 'Silver'),
(37, 'Morgan Lee', 'morgan.lee@email.com', '2024-06-07', 35, 'Meridian', 'Gold'),
(38, 'Taylor Adams', 'taylor.adams@email.com', '2024-06-08', 32, 'Boise', 'Silver'),
(39, 'Casey White', 'casey.white@email.com', '2024-06-09', 37, 'Nampa', 'Bronze'),
(40, 'Jordan Martinez', 'jordan.martinez@email.com', '2024-06-10', 30, 'Boise', 'Silver'),
(41, 'Alex Thompson', 'alex.thompson@email.com', '2024-07-01', 34, 'Meridian', 'Gold'),
(42, 'Morgan King', 'morgan.king@email.com', '2024-07-02', 38, 'Boise', 'Silver'),
(43, 'Taylor Morgan', 'taylor.morgan@email.com', '2024-07-03', 29, 'Nampa', 'Bronze'),
(44, 'Casey Lewis', 'casey.lewis@email.com', '2024-07-04', 41, 'Boise', 'Gold'),
(45, 'Jordan Hall', 'jordan.hall@email.com', '2024-07-05', 36, 'Meridian', 'Silver'),
(46, 'Alex Brown', 'alex.brown@email.com', '2024-07-06', 33, 'Boise', 'Silver'),
(47, 'Morgan Davis', 'morgan.davis@email.com', '2024-07-07', 39, 'Caldwell', 'Bronze'),
(48, 'Taylor Wilson', 'taylor.wilson@email.com', '2024-07-08', 27, 'Boise', 'Silver'),
(49, 'Casey Anderson', 'casey.anderson@email.com', '2024-07-09', 35, 'Meridian', 'Gold'),
(50, 'Jordan Scott', 'jordan.scott@email.com', '2024-07-10', 32, 'Boise', 'Silver'),
(51, 'Alex Parker', 'alex.parker@email.com', '2024-08-01', 30, 'Boise', 'Bronze'),
(52, 'Morgan Reed', 'morgan.reed@email.com', '2024-08-02', 37, 'Meridian', 'Silver'),
(53, 'Taylor Evans', 'taylor.evans@email.com', '2024-08-03', 28, 'Boise', 'Gold'),
(54, 'Casey Whitehead', 'casey.whitehead@email.com', '2024-08-04', 41, 'Nampa', 'Silver'),
(55, 'Jordan Cole', 'jordan.cole@email.com', '2024-08-05', 36, 'Boise', 'Bronze'),
(56, 'Alex Howard', 'alex.howard@email.com', '2024-08-06', 29, 'Boise', 'Silver'),
(57, 'Morgan Bell', 'morgan.bell@email.com', '2024-08-07', 34, 'Meridian', 'Gold'),
(58, 'Taylor Foster', 'taylor.foster@email.com', '2024-08-08', 32, 'Boise', 'Silver'),
(59, 'Casey Griffin', 'casey.griffin@email.com', '2024-08-09', 38, 'Nampa', 'Bronze'),
(60, 'Jordan Hayes', 'jordan.hayes@email.com', '2024-08-10', 31, 'Boise', 'Silver');

-- ==========================
-- FreshFeast Boxes Seed Data
-- Table 2: PRODUCTS
-- ==========================

INSERT INTO Products (product_id, name, category, price, inventory) VALUES
(1, 'Veggie Delight Box', 'Vegetarian', 29.99, 120),
(2, 'Keto Power Pack', 'Keto', 34.99, 100),
(3, 'Family Feast Box', 'Family', 49.99, 80),
(4, 'Quick Prep Pasta', 'Quick-Prep', 24.99, 150),
(5, 'Tofu Stir Fry Kit', 'Vegetarian', 27.99, 130),
(6, 'Low Carb Chicken', 'Keto', 32.99, 110),
(7, 'Taco Night Family Pack', 'Family', 46.99, 75),
(8, 'Express Burrito Bowl', 'Quick-Prep', 23.99, 140),
(9, 'Mediterranean Veg Box', 'Vegetarian', 28.99, 120),
(10, 'Steak Protein Kit', 'Keto', 36.99, 95),
(11, 'Pizza Party Pack', 'Family', 44.99, 90),
(12, '15-Min Noodles Kit', 'Quick-Prep', 22.99, 160),
(13, 'Chickpea Curry Box', 'Vegetarian', 26.99, 115),
(14, 'Salmon Keto Bowl', 'Keto', 37.99, 85),
(15, 'BBQ Grill Family Set', 'Family', 52.99, 70),
(16, 'Quick Salad Box', 'Quick-Prep', 21.99, 180),
(17, 'Veggie Chili Kit', 'Vegetarian', 25.99, 140),
(18, 'Turkey Protein Box', 'Keto', 33.99, 100),
(19, 'Family Breakfast Kit', 'Family', 42.99, 95),
(20, 'Fast Fried Rice', 'Quick-Prep', 24.49, 135),
(21, 'Stuffed Peppers Kit', 'Vegetarian', 29.49, 125),
(22, 'Keto Burger Kit', 'Keto', 35.49, 105),
(23, 'Pasta Night Feast', 'Family', 47.99, 85),
(24, 'Quick Taco Bowl', 'Quick-Prep', 23.49, 145),
(25, 'Veggie Wrap Box', 'Vegetarian', 27.49, 130);

-- ==========================
-- FreshFeast Boxes Seed Data
-- Table 3: SUBSCRIPTIONS
-- ==========================

INSERT INTO Subscriptions (subscription_id, customer_id, product_id, start_date, end_date, status) VALUES
(1, 1, 1, '2025-01-01', NULL, 'Active'),
(2, 2, 2, '2025-01-02', NULL, 'Active'),
(3, 3, 3, '2025-01-03', NULL, 'Active'),
(4, 4, 4, '2025-01-04', NULL, 'Active'),
(5, 5, 5, '2025-01-05', NULL, 'Active'),
(6, 6, 6, '2025-01-06', NULL, 'Active'),
(7, 7, 7, '2025-01-07', NULL, 'Active'),
(8, 8, 8, '2025-01-08', NULL, 'Active'),
(9, 9, 9, '2025-01-09', NULL, 'Active'),
(10, 10, 10, '2025-01-10', NULL, 'Active'),
(11, 11, 11, '2025-01-11', NULL, 'Active'),
(12, 12, 12, '2025-01-12', NULL, 'Active'),
(13, 13, 13, '2025-01-13', NULL, 'Active'),
(14, 14, 14, '2025-01-14', NULL, 'Active'),
(15, 15, 15, '2025-01-15', NULL, 'Active'),
(16, 16, 16, '2025-01-16', NULL, 'Active'),
(17, 17, 17, '2025-01-17', NULL, 'Active'),
(18, 18, 18, '2025-01-18', NULL, 'Active'),
(19, 19, 19, '2025-01-19', NULL, 'Active'),
(20, 20, 20, '2025-01-20', NULL, 'Active'),
(21, 21, 21, '2025-01-21', NULL, 'Active'),
(22, 22, 22, '2025-01-22', NULL, 'Active'),
(23, 23, 23, '2025-01-23', NULL, 'Active'),
(24, 24, 24, '2025-01-24', NULL, 'Active'),
(25, 25, 25, '2025-01-25', NULL, 'Active'),
(26, 26, 1, '2025-01-26', NULL, 'Active'),
(27, 27, 2, '2025-01-27', NULL, 'Active'),
(28, 28, 3, '2025-01-28', NULL, 'Active'),
(29, 29, 4, '2025-01-29', NULL, 'Active'),
(30, 30, 5, '2025-01-30', NULL, 'Active'),
(31, 31, 6, '2025-01-31', NULL, 'Active'),
(32, 32, 7, '2025-02-01', NULL, 'Active'),
(33, 33, 8, '2025-02-02', NULL, 'Active'),
(34, 34, 9, '2025-02-03', NULL, 'Active'),
(35, 35, 10, '2025-02-04', NULL, 'Active'),
(36, 36, 11, '2025-02-05', NULL, 'Active'),
(37, 37, 12, '2025-02-06', NULL, 'Active'),
(38, 38, 13, '2025-02-07', NULL, 'Active'),
(39, 39, 14, '2025-02-08', NULL, 'Active'),
(40, 40, 15, '2025-02-09', NULL, 'Active'),
(41, 41, 16, '2025-02-10', NULL, 'Active'),
(42, 42, 17, '2025-02-11', NULL, 'Active'),
(43, 43, 18, '2025-02-12', NULL, 'Active'),
(44, 44, 19, '2025-02-13', NULL, 'Active'),
(45, 45, 20, '2025-02-14', NULL, 'Active'),
(46, 46, 21, '2025-02-15', NULL, 'Active'),
(47, 47, 22, '2025-02-16', NULL, 'Active'),
(48, 48, 23, '2025-02-17', NULL, 'Active'),
(49, 49, 24, '2025-02-18', NULL, 'Active'),
(50, 50, 25, '2025-02-19', NULL, 'Active'),
(51, 51, 1, '2025-02-20', NULL, 'Active'),
(52, 52, 2, '2025-02-21', NULL, 'Active'),
(53, 53, 3, '2025-02-22', NULL, 'Active'),
(54, 54, 4, '2025-02-23', NULL, 'Active'),
(55, 55, 5, '2025-02-24', NULL, 'Active'),
(56, 56, 6, '2025-02-25', NULL, 'Active'),
(57, 57, 7, '2025-02-26', NULL, 'Active'),
(58, 58, 8, '2025-02-27', NULL, 'Active'),
(59, 59, 9, '2025-02-28', NULL, 'Active'),
(60, 60, 10, '2025-03-01', NULL, 'Active'),
(61, 1, 11, '2025-03-02', NULL, 'Active'),
(62, 2, 12, '2025-03-03', NULL, 'Active'),
(63, 3, 13, '2025-03-04', NULL, 'Active'),
(64, 4, 14, '2025-03-05', NULL, 'Active'),
(65, 5, 15, '2025-03-06', NULL, 'Active'),
(66, 6, 16, '2025-03-07', NULL, 'Active'),
(67, 7, 17, '2025-03-08', NULL, 'Active'),
(68, 8, 18, '2025-03-09', NULL, 'Active'),
(69, 9, 19, '2025-03-10', NULL, 'Active'),
(70, 10, 20, '2025-03-11', NULL, 'Active'),
(71, 11, 21, '2025-03-12', NULL, 'Active'),
(72, 12, 22, '2025-03-13', NULL, 'Active'),
(73, 13, 23, '2025-03-14', NULL, 'Active'),
(74, 14, 24, '2025-03-15', NULL, 'Active'),
(75, 15, 25, '2025-03-16', NULL, 'Active'),
(76, 16, 1, '2025-03-17', NULL, 'Active'),
(77, 17, 2, '2025-03-18', NULL, 'Active'),
(78, 18, 3, '2025-03-19', NULL, 'Active'),
(79, 19, 4, '2025-03-20', NULL, 'Active'),
(80, 20, 5, '2025-03-21', NULL, 'Active'),
(81, 21, 6, '2025-03-22', NULL, 'Active'),
(82, 22, 7, '2025-03-23', NULL, 'Active'),
(83, 23, 8, '2025-03-24', NULL, 'Active'),
(84, 24, 9, '2025-03-25', NULL, 'Active'),
(85, 25, 10, '2025-03-26', NULL, 'Active'),
(86, 26, 11, '2025-03-27', NULL, 'Active'),
(87, 27, 12, '2025-03-28', NULL, 'Active'),
(88, 28, 13, '2025-03-29', NULL, 'Active'),
(89, 29, 14, '2025-03-30', NULL, 'Active'),
(90, 30, 15, '2025-03-31', NULL, 'Active'),
(91, 31, 16, '2025-04-01', NULL, 'Active'),
(92, 32, 17, '2025-04-02', NULL, 'Active'),
(93, 33, 18, '2025-04-03', NULL, 'Active'),
(94, 34, 19, '2025-04-04', NULL, 'Active'),
(95, 35, 20, '2025-04-05', NULL, 'Active'),
(96, 36, 21, '2025-04-06', NULL, 'Active'),
(97, 37, 22, '2025-04-07', NULL, 'Active'),
(98, 38, 23, '2025-04-08', NULL, 'Active'),
(99, 39, 24, '2025-04-09', NULL, 'Active'),
(100, 40, 25, '2025-04-10', NULL, 'Active');

-- ==========================
-- FreshFeast Boxes Seed Data
-- Table 4: ORDERS (~300 rows)
-- ==========================

INSERT INTO Orders (order_id, subscription_id, order_date, quantity, price, promo_code) VALUES
(1,1,'2025-01-01',1,29.99,'SAVE10'),
(2,2,'2025-01-02',2,34.99,NULL),
(3,3,'2025-01-03',1,49.99,NULL),
(4,4,'2025-01-04',3,24.99,'SPRING5'),
(5,5,'2025-01-05',1,27.99,NULL),
(6,6,'2025-01-06',2,32.99,NULL),
(7,7,'2025-01-07',1,46.99,'FAMILY15'),
(8,8,'2025-01-08',2,23.99,NULL),
(9,9,'2025-01-09',1,28.99,NULL),
(10,10,'2025-01-10',1,36.99,'SAVE10'),
(11,11,'2025-01-11',1,44.99,NULL),
(12,12,'2025-01-12',2,22.99,NULL),
(13,13,'2025-01-13',1,26.99,NULL),
(14,14,'2025-01-14',2,37.99,'KETO20'),
(15,15,'2025-01-15',1,52.99,NULL),
(16,16,'2025-01-16',1,21.99,NULL),
(17,17,'2025-01-17',3,25.99,NULL),
(18,18,'2025-01-18',2,33.99,NULL),
(19,19,'2025-01-19',1,42.99,NULL),
(20,20,'2025-01-20',2,24.49,'SPRING5'),
(21,21,'2025-01-21',1,29.49,NULL),
(22,22,'2025-01-22',1,35.49,'KETO20'),
(23,23,'2025-01-23',2,47.99,NULL),
(24,24,'2025-01-24',1,23.49,NULL),
(25,25,'2025-01-25',1,27.49,NULL),
(26,26,'2025-01-26',2,29.99,NULL),
(27,27,'2025-01-27',1,34.99,NULL),
(28,28,'2025-01-28',3,49.99,'SAVE10'),
(29,29,'2025-01-29',1,24.99,NULL),
(30,30,'2025-01-30',2,27.99,NULL),
(31,31,'2025-01-31',1,32.99,NULL),
(32,32,'2025-02-01',2,46.99,NULL),
(33,33,'2025-02-02',1,23.99,'SPRING5'),
(34,34,'2025-02-03',3,28.99,NULL),
(35,35,'2025-02-04',1,36.99,NULL),
(36,36,'2025-02-05',2,44.99,'FAMILY15'),
(37,37,'2025-02-06',1,22.99,NULL),
(38,38,'2025-02-07',1,26.99,NULL),
(39,39,'2025-02-08',2,37.99,NULL),
(40,40,'2025-02-09',1,52.99,NULL),
(41,41,'2025-02-10',2,21.99,NULL),
(42,42,'2025-02-11',1,25.99,NULL),
(43,43,'2025-02-12',3,33.99,NULL),
(44,44,'2025-02-13',1,42.99,NULL),
(45,45,'2025-02-14',2,24.49,'SAVE10'),
(46,46,'2025-02-15',1,29.49,NULL),
(47,47,'2025-02-16',1,35.49,NULL),
(48,48,'2025-02-17',2,47.99,NULL),
(49,49,'2025-02-18',1,23.49,NULL),
(50,50,'2025-02-19',3,27.49,NULL),
(51,51,'2025-02-20',1,29.99,NULL),
(52,52,'2025-02-21',2,34.99,NULL),
(53,53,'2025-02-22',1,49.99,'KETO20'),
(54,54,'2025-02-23',1,24.99,NULL),
(55,55,'2025-02-24',2,27.99,NULL),
(56,56,'2025-02-25',1,32.99,NULL),
(57,57,'2025-02-26',2,46.99,NULL),
(58,58,'2025-02-27',1,23.99,NULL),
(59,59,'2025-02-28',3,28.99,'SAVE10'),
(60,60,'2025-03-01',1,36.99,NULL),
(61,1,'2025-03-02',2,44.99,NULL),
(62,2,'2025-03-03',1,22.99,NULL),
(63,3,'2025-03-04',1,26.99,NULL),
(64,4,'2025-03-05',2,37.99,NULL),
(65,5,'2025-03-06',1,52.99,NULL),
(66,6,'2025-03-07',3,21.99,NULL),
(67,7,'2025-03-08',1,25.99,NULL),
(68,8,'2025-03-09',2,33.99,NULL),
(69,9,'2025-03-10',1,42.99,NULL),
(70,10,'2025-03-11',1,24.49,'SPRING5'),
(71,11,'2025-03-12',2,29.49,NULL),
(72,12,'2025-03-13',1,35.49,NULL),
(73,13,'2025-03-14',3,47.99,NULL),
(74,14,'2025-03-15',1,23.49,NULL),
(75,15,'2025-03-16',2,27.49,NULL),
(76,16,'2025-03-17',1,29.99,NULL),
(77,17,'2025-03-18',2,34.99,NULL),
(78,18,'2025-03-19',1,49.99,NULL),
(79,19,'2025-03-20',3,24.99,'SAVE10'),
(80,20,'2025-03-21',1,27.99,NULL),
(81,21,'2025-03-22',2,32.99,NULL),
(82,22,'2025-03-23',1,46.99,NULL),
(83,23,'2025-03-24',1,23.99,NULL),
(84,24,'2025-03-25',2,28.99,NULL),
(85,25,'2025-03-26',1,36.99,NULL),
(86,26,'2025-03-27',2,44.99,NULL),
(87,27,'2025-03-28',1,22.99,NULL),
(88,28,'2025-03-29',3,26.99,'KETO20'),
(89,29,'2025-03-30',1,37.99,NULL),
(90,30,'2025-03-31',2,52.99,NULL),
(91,31,'2025-04-01',1,21.99,NULL),
(92,32,'2025-04-02',2,25.99,NULL),
(93,33,'2025-04-03',1,33.99,NULL),
(94,34,'2025-04-04',3,42.99,NULL),
(95,35,'2025-04-05',1,24.49,NULL),
(96,36,'2025-04-06',2,29.49,NULL),
(97,37,'2025-04-07',1,35.49,NULL),
(98,38,'2025-04-08',2,47.99,NULL),
(99,39,'2025-04-09',1,23.49,NULL),
(100,40,'2025-04-10',3,27.49,NULL),
(101,41,'2025-01-05',2,29.99,NULL),
(102,42,'2025-01-07',1,34.99,NULL),
(103,43,'2025-01-09',2,49.99,NULL),
(104,44,'2025-01-11',1,24.99,'SPRING5'),
(105,45,'2025-01-13',2,27.99,NULL),
(106,46,'2025-01-15',1,32.99,NULL),
(107,47,'2025-01-17',3,46.99,NULL),
(108,48,'2025-01-19',1,23.99,NULL),
(109,49,'2025-01-21',2,28.99,NULL),
(110,50,'2025-01-23',1,36.99,NULL),
(111,41,'2025-03-02',1,29.99,NULL),
(112,42,'2025-03-03',2,34.99,NULL),
(113,43,'2025-03-04',1,49.99,'KETO20'),
(114,44,'2025-03-05',1,24.99,NULL),
(115,45,'2025-03-06',2,27.99,NULL),
(116,46,'2025-03-07',1,32.99,NULL),
(117,47,'2025-03-08',3,46.99,NULL),
(118,48,'2025-03-09',1,23.99,NULL),
(119,49,'2025-03-10',2,28.99,NULL),
(120,50,'2025-03-11',1,36.99,NULL),
(121,51,'2025-03-12',2,29.99,NULL),
(122,52,'2025-03-13',1,34.99,NULL),
(123,53,'2025-03-14',2,49.99,NULL),
(124,54,'2025-03-15',1,24.99,NULL),
(125,55,'2025-03-16',2,27.99,NULL),
(126,56,'2025-03-17',1,32.99,NULL),
(127,57,'2025-03-18',2,46.99,NULL),
(128,58,'2025-03-19',1,23.99,NULL),
(129,59,'2025-03-20',3,28.99,'SAVE10'),
(130,60,'2025-03-21',1,36.99,NULL),
(131,1,'2025-03-22',2,44.99,NULL),
(132,2,'2025-03-23',1,22.99,NULL),
(133,3,'2025-03-24',1,26.99,NULL),
(134,4,'2025-03-25',2,37.99,NULL),
(135,5,'2025-03-26',1,52.99,NULL),
(136,6,'2025-03-27',3,21.99,NULL),
(137,7,'2025-03-28',1,25.99,NULL),
(138,8,'2025-03-29',2,33.99,NULL),
(139,9,'2025-03-30',1,42.99,NULL),
(140,10,'2025-03-31',1,24.49,'SPRING5'),
(141,11,'2025-04-01',2,29.49,NULL),
(142,12,'2025-04-02',1,35.49,NULL),
(143,13,'2025-04-03',3,47.99,NULL),
(144,14,'2025-04-04',1,23.49,NULL),
(145,15,'2025-04-05',2,27.49,NULL),
(146,16,'2025-04-06',1,29.99,NULL),
(147,17,'2025-04-07',2,34.99,NULL),
(148,18,'2025-04-08',1,49.99,NULL),
(149,19,'2025-04-09',3,24.99,'SAVE10'),
(150,20,'2025-04-10',1,27.99,NULL),
(151,21,'2025-01-05',2,32.99,NULL),
(152,22,'2025-01-07',1,46.99,NULL),
(153,23,'2025-01-09',1,23.99,NULL),
(154,24,'2025-01-11',2,28.99,NULL),
(155,25,'2025-01-13',1,36.99,NULL),
(156,26,'2025-01-15',2,44.99,NULL),
(157,27,'2025-01-17',1,22.99,NULL),
(158,28,'2025-01-19',3,26.99,'KETO20'),
(159,29,'2025-01-21',1,37.99,NULL),
(160,30,'2025-01-23',2,52.99,NULL),
(161,31,'2025-01-25',1,21.99,NULL),
(162,32,'2025-01-27',2,25.99,NULL),
(163,33,'2025-01-29',1,33.99,NULL),
(164,34,'2025-01-31',3,42.99,NULL),
(165,35,'2025-02-02',1,24.49,NULL),
(166,36,'2025-02-04',2,29.49,NULL),
(167,37,'2025-02-06',1,35.49,NULL),
(168,38,'2025-02-08',2,47.99,NULL),
(169,39,'2025-02-10',1,23.49,NULL),
(170,40,'2025-02-12',3,27.49,NULL),
(171,41,'2025-02-14',1,29.99,NULL),
(172,42,'2025-02-16',2,34.99,NULL),
(173,43,'2025-02-18',1,49.99,NULL),
(174,44,'2025-02-20',1,24.99,NULL),
(175,45,'2025-02-22',2,27.99,NULL),
(176,46,'2025-02-24',1,32.99,NULL),
(177,47,'2025-02-26',2,46.99,NULL),
(178,48,'2025-02-28',1,23.99,NULL),
(179,49,'2025-03-02',3,28.99,'SAVE10'),
(180,50,'2025-03-04',1,36.99,NULL),
(181,51,'2025-03-06',2,44.99,NULL),
(182,52,'2025-03-08',1,22.99,NULL),
(183,53,'2025-03-10',1,26.99,NULL),
(184,54,'2025-03-12',2,37.99,NULL),
(185,55,'2025-03-14',1,52.99,NULL),
(186,56,'2025-03-16',3,21.99,NULL),
(187,57,'2025-03-18',1,25.99,NULL),
(188,58,'2025-03-20',2,33.99,NULL),
(189,59,'2025-03-22',1,42.99,NULL),
(190,60,'2025-03-24',1,24.49,'SPRING5'),
(191,1,'2025-03-26',2,29.49,NULL),
(192,2,'2025-03-28',1,35.49,NULL),
(193,3,'2025-03-30',3,47.99,NULL),
(194,4,'2025-04-01',1,23.49,NULL),
(195,5,'2025-04-03',2,27.49,NULL),
(196,6,'2025-04-05',1,29.99,NULL),
(197,7,'2025-04-07',2,34.99,NULL),
(198,8,'2025-04-09',1,49.99,NULL),
(199,9,'2025-04-10',3,24.99,'SAVE10'),
(200,10,'2025-01-01',1,27.99,NULL),
(201,11,'2025-01-03',2,32.99,NULL),
(202,12,'2025-01-05',1,46.99,NULL),
(203,13,'2025-01-07',1,23.99,NULL),
(204,14,'2025-01-09',2,28.99,NULL),
(205,15,'2025-01-11',1,36.99,NULL),
(206,16,'2025-01-13',2,44.99,NULL),
(207,17,'2025-01-15',1,22.99,NULL),
(208,18,'2025-01-17',3,26.99,'KETO20'),
(209,19,'2025-01-19',1,37.99,NULL),
(210,20,'2025-01-21',2,52.99,NULL),
(211,21,'2025-01-23',1,21.99,NULL),
(212,22,'2025-01-25',2,25.99,NULL),
(213,23,'2025-01-27',1,33.99,NULL),
(214,24,'2025-01-29',3,42.99,NULL),
(215,25,'2025-01-31',1,24.49,NULL),
(216,26,'2025-02-02',2,29.49,NULL),
(217,27,'2025-02-04',1,35.49,NULL),
(218,28,'2025-02-06',2,47.99,NULL),
(219,29,'2025-02-08',1,23.49,NULL),
(220,30,'2025-02-10',3,27.49,NULL),
(221,31,'2025-02-12',1,29.99,NULL),
(222,32,'2025-02-14',2,34.99,NULL),
(223,33,'2025-02-16',1,49.99,NULL),
(224,34,'2025-02-18',1,24.99,NULL),
(225,35,'2025-02-20',2,27.99,NULL),
(226,36,'2025-02-22',1,32.99,NULL),
(227,37,'2025-02-24',2,46.99,NULL),
(228,38,'2025-02-26',1,23.99,NULL),
(229,39,'2025-02-28',3,28.99,'SAVE10'),
(230,40,'2025-03-02',1,36.99,NULL),
(231,41,'2025-03-04',2,44.99,NULL),
(232,42,'2025-03-06',1,22.99,NULL),
(233,43,'2025-03-08',1,26.99,NULL),
(234,44,'2025-03-10',2,37.99,NULL),
(235,45,'2025-03-12',1,52.99,NULL),
(236,46,'2025-03-14',3,21.99,NULL),
(237,47,'2025-03-16',1,25.99,NULL),
(238,48,'2025-03-18',2,33.99,NULL),
(239,49,'2025-03-20',1,42.99,NULL),
(240,50,'2025-03-22',1,24.49,'SPRING5'),
(241,51,'2025-03-24',2,29.49,NULL),
(242,52,'2025-03-26',1,35.49,NULL),
(243,53,'2025-03-28',3,47.99,NULL),
(244,54,'2025-03-30',1,23.49,NULL),
(245,55,'2025-04-01',2,27.49,NULL),
(246,56,'2025-04-03',1,29.99,NULL),
(247,57,'2025-04-05',2,34.99,NULL),
(248,58,'2025-04-07',1,49.99,NULL),
(249,59,'2025-04-09',3,24.99,'SAVE10'),
(250,60,'2025-04-10',1,27.99,NULL),
(251,1,'2025-01-02',2,32.99,NULL),
(252,2,'2025-01-04',1,46.99,NULL),
(253,3,'2025-01-06',1,23.99,NULL),
(254,4,'2025-01-08',2,28.99,NULL),
(255,5,'2025-01-10',1,36.99,NULL),
(256,6,'2025-01-12',2,44.99,NULL),
(257,7,'2025-01-14',1,22.99,NULL),
(258,8,'2025-01-16',3,26.99,'KETO20'),
(259,9,'2025-01-18',1,37.99,NULL),
(260,10,'2025-01-20',2,52.99,NULL),
(261,11,'2025-01-22',1,21.99,NULL),
(262,12,'2025-01-24',2,25.99,NULL),
(263,13,'2025-01-26',1,33.99,NULL),
(264,14,'2025-01-28',3,42.99,NULL),
(265,15,'2025-01-30',1,24.49,NULL),
(266,16,'2025-02-01',2,29.49,NULL),
(267,17,'2025-02-03',1,35.49,NULL),
(268,18,'2025-02-05',2,47.99,NULL),
(269,19,'2025-02-07',1,23.49,NULL),
(270,20,'2025-02-09',3,27.49,NULL),
(271,21,'2025-02-11',1,29.99,NULL),
(272,22,'2025-02-13',2,34.99,NULL),
(273,23,'2025-02-15',1,49.99,NULL),
(274,24,'2025-02-17',1,24.99,NULL),
(275,25,'2025-02-19',2,27.99,NULL),
(276,26,'2025-02-21',1,32.99,NULL),
(277,27,'2025-02-23',2,46.99,NULL),
(278,28,'2025-02-25',1,23.99,NULL),
(279,29,'2025-02-27',3,28.99,'SAVE10'),
(280,30,'2025-03-01',1,36.99,NULL),
(281,31,'2025-03-03',2,44.99,NULL),
(282,32,'2025-03-05',1,22.99,NULL),
(283,33,'2025-03-07',1,26.99,NULL),
(284,34,'2025-03-09',2,37.99,NULL),
(285,35,'2025-03-11',1,52.99,NULL),
(286,36,'2025-03-13',3,21.99,NULL),
(287,37,'2025-03-15',1,25.99,NULL),
(288,38,'2025-03-17',2,33.99,NULL),
(289,39,'2025-03-19',1,42.99,NULL),
(290,40,'2025-03-21',1,24.49,'SPRING5'),
(291,41,'2025-03-23',2,29.49,NULL),
(292,42,'2025-03-25',1,35.49,NULL),
(293,43,'2025-03-27',3,47.99,NULL),
(294,44,'2025-03-29',1,23.49,NULL),
(295,45,'2025-03-31',2,27.49,NULL),
(296,46,'2025-04-02',1,29.99,NULL),
(297,47,'2025-04-04',2,34.99,NULL),
(298,48,'2025-04-06',1,49.99,NULL),
(299,49,'2025-04-08',3,24.99,'SAVE10'),
(300,50,'2025-04-10',1,27.99,NULL);

-- ==========================
-- Table 5: PROMOTIONS
-- ==========================

INSERT INTO Promotions (promo_code, description, discount_percent, start_date, end_date) VALUES
('SAVE10', '10% off first box', 10, '2025-01-01', '2025-12-31'),
('FAMILY15', '15% off family plans', 15, '2025-01-01', '2025-12-31'),
('KETO20', '20% off keto meals', 20, '2025-02-01', '2025-12-31'),
('SPRING5', '5% seasonal discount', 5, '2025-03-01', '2025-06-01'),
('HOLIDAY25', '25% holiday special', 25, '2025-12-01', '2025-12-31'),
('WEEKEND10', '10% off weekend orders', 10, '2025-01-01', '2025-12-31'),
('NEWYEAR15', '15% New Year promo', 15, '2025-01-01', '2025-01-15'),
('SUMMER5', '5% summer discount', 5, '2025-06-01', '2025-08-31');

